Email;Anteile
dev0@provider.com;1
dev1@provider.com;1
dev2@provider.com;1
dev3@provider.com;1
dev4@provider.com;1
dev5@provider.com;1
dev6@provider.com;1
dev7@provider.com;1
dev8@provider.com;1
dev9@provider.com;1
dev10@provider.com;1
dev11@provider.com;1
dev12@provider.com;1
dev13@provider.com;1
dev14@provider.com;1
dev15@provider.com;1
dev16@provider.com;1
dev17@provider.com;1
dev18@provider.com;1
dev19@provider.com;1
dev20@provider.com;1
dev21@provider.com;1
dev22@provider.com;1
dev23@provider.com;1
dev24@provider.com;1
dev25@provider.com;1
dev26@provider.com;1
dev27@provider.com;1
dev28@provider.com;1
dev29@provider.com;1
dev30@provider.com;1
dev31@provider.com;1
dev32@provider.com;1
dev33@provider.com;1
dev34@provider.com;1
dev35@provider.com;1
dev36@provider.com;1
dev37@provider.com;1
dev38@provider.com;1
dev39@provider.com;1
dev40@provider.com;1
dev41@provider.com;1
dev42@provider.com;1
dev43@provider.com;1
dev44@provider.com;1
dev45@provider.com;1
dev46@provider.com;1
dev47@provider.com;1
dev48@provider.com;1
dev49@provider.com;1
dev50@provider.com;1
dev51@provider.com;1
dev52@provider.com;1
dev53@provider.com;1
dev54@provider.com;1
dev55@provider.com;1
dev56@provider.com;1
dev57@provider.com;1
dev58@provider.com;1
dev59@provider.com;1
dev60@provider.com;1
dev61@provider.com;1
dev62@provider.com;1
dev63@provider.com;1
dev64@provider.com;1
dev65@provider.com;1
dev66@provider.com;1
dev67@provider.com;1
dev68@provider.com;1
dev69@provider.com;1
dev70@provider.com;1
dev71@provider.com;1
dev72@provider.com;1
dev73@provider.com;1
dev74@provider.com;1
dev75@provider.com;1
dev76@provider.com;1
dev77@provider.com;1
dev78@provider.com;1
dev79@provider.com;1
dev80@provider.com;1
dev81@provider.com;1
dev82@provider.com;1
dev83@provider.com;1
dev84@provider.com;1
dev85@provider.com;1
dev86@provider.com;1
dev87@provider.com;1
dev88@provider.com;1
dev89@provider.com;1
dev90@provider.com;1
dev91@provider.com;1
dev92@provider.com;1
dev93@provider.com;1
dev94@provider.com;1
dev95@provider.com;1
dev96@provider.com;1
dev97@provider.com;1
dev98@provider.com;1
dev99@provider.com;1
dev100@provider.com;1
dev101@provider.com;1
dev102@provider.com;1
dev103@provider.com;1
dev104@provider.com;1
dev105@provider.com;1
dev106@provider.com;1
dev107@provider.com;1
dev108@provider.com;1
dev109@provider.com;1
dev110@provider.com;1
dev111@provider.com;1
dev112@provider.com;1
dev113@provider.com;1
dev114@provider.com;1
dev115@provider.com;1
dev116@provider.com;1
dev117@provider.com;1
dev118@provider.com;1
dev119@provider.com;1
dev120@provider.com;1
dev121@provider.com;1
dev122@provider.com;1
dev123@provider.com;1
dev124@provider.com;1
dev125@provider.com;1
dev126@provider.com;1
dev127@provider.com;1
dev128@provider.com;1
dev129@provider.com;1
dev130@provider.com;1
dev131@provider.com;1
dev132@provider.com;1
dev133@provider.com;1
dev134@provider.com;1
dev135@provider.com;1
dev136@provider.com;1
dev137@provider.com;1
dev138@provider.com;1
dev139@provider.com;1
dev140@provider.com;1
dev141@provider.com;1
dev142@provider.com;1
dev143@provider.com;1
dev144@provider.com;1
dev145@provider.com;1
dev146@provider.com;1
dev147@provider.com;1
dev148@provider.com;1
dev149@provider.com;1
dev150@provider.com;1
dev151@provider.com;1
dev152@provider.com;1
dev153@provider.com;1
dev154@provider.com;1
dev155@provider.com;1
dev156@provider.com;1
dev157@provider.com;1
dev158@provider.com;1
dev159@provider.com;1
dev160@provider.com;1
dev161@provider.com;1
dev162@provider.com;1
dev163@provider.com;1
dev164@provider.com;1
dev165@provider.com;1
dev166@provider.com;1
dev167@provider.com;1
dev168@provider.com;1
dev169@provider.com;1
dev170@provider.com;1
dev171@provider.com;1
dev172@provider.com;1
dev173@provider.com;1
dev174@provider.com;1
dev175@provider.com;1
dev176@provider.com;1
dev177@provider.com;1
dev178@provider.com;1
dev179@provider.com;1
dev180@provider.com;1
dev181@provider.com;1
dev182@provider.com;1
dev183@provider.com;1
dev184@provider.com;1
dev185@provider.com;1
dev186@provider.com;1
dev187@provider.com;1
dev188@provider.com;1
dev189@provider.com;1
dev190@provider.com;1
dev191@provider.com;1
dev192@provider.com;1
dev193@provider.com;1
dev194@provider.com;1
dev195@provider.com;1
dev196@provider.com;1
dev197@provider.com;1
dev198@provider.com;1
dev199@provider.com;1
dev200@provider.com;1
dev201@provider.com;1
dev202@provider.com;1
dev203@provider.com;1
dev204@provider.com;1
dev205@provider.com;1
dev206@provider.com;1
dev207@provider.com;1
dev208@provider.com;1
dev209@provider.com;1
dev210@provider.com;1
dev211@provider.com;1
dev212@provider.com;1
dev213@provider.com;1
dev214@provider.com;1
dev215@provider.com;1
dev216@provider.com;1
dev217@provider.com;1
dev218@provider.com;1
dev219@provider.com;1
dev220@provider.com;1
dev221@provider.com;1
dev222@provider.com;1
dev223@provider.com;1
dev224@provider.com;1
dev225@provider.com;1
dev226@provider.com;1
dev227@provider.com;1
dev228@provider.com;1
dev229@provider.com;1
dev230@provider.com;1
dev231@provider.com;1
dev232@provider.com;1
dev233@provider.com;1
dev234@provider.com;1
dev235@provider.com;1
dev236@provider.com;1
dev237@provider.com;1
dev238@provider.com;1
dev239@provider.com;1
dev240@provider.com;1
dev241@provider.com;1
dev242@provider.com;1
dev243@provider.com;1
dev244@provider.com;1
dev245@provider.com;1
dev246@provider.com;1
dev247@provider.com;1
dev248@provider.com;1
dev249@provider.com;1
dev250@provider.com;1
dev251@provider.com;1
dev252@provider.com;1
dev253@provider.com;1
dev254@provider.com;1
dev255@provider.com;1
dev256@provider.com;1
dev257@provider.com;1
dev258@provider.com;1
dev259@provider.com;1
dev260@provider.com;1
dev261@provider.com;1
dev262@provider.com;1
dev263@provider.com;1
dev264@provider.com;1
dev265@provider.com;1
dev266@provider.com;1
dev267@provider.com;1
dev268@provider.com;1
dev269@provider.com;1
dev270@provider.com;1
dev271@provider.com;1
dev272@provider.com;1
dev273@provider.com;1
dev274@provider.com;1
dev275@provider.com;1
dev276@provider.com;1
dev277@provider.com;1
dev278@provider.com;1
dev279@provider.com;1
dev280@provider.com;1